<zimlet name="com_guelphseven_bccalert" version="1.0" label="BCC Alert" description="Suggests using BCC when you have >3 recipients in the TO field." target="main compose-window">
	<include>bccalert.js</include>
	<includeCSS>bccalert.css</includeCSS>
	<resource>bccalert-icon.gif</resource>
	<handlerObject>com_guelphseven_bccalert_HandlerObject</handlerObject>

	<zimletPanelItem label="BCC Alert" icon="bccalert-panelIcon">
		<toolTipText>Suggests using BCC when you have >3 recipients in the TO field.</toolTipText>
	</zimletPanelItem>

	<userProperties>
		<property type="string" name="turnONbccalertZimletNew" value="true"/>
	</userProperties>
</zimlet>
